 {"Decl": "FunctionDecl","FunctionDecl": {"Body": {"Body": [{"Body": [{"Decl": "VarDecl","Var": {"Init": {"IntegerLiteral": 0,"Type": "IntegerLiteral"},"Name": "result","Type": "int"}}],"Type": "DeclStmt"},{"Body": [{"Decl": "VarDecl","Var": {"Name": "pointer1","Type": "char *"}}],"Type": "DeclStmt"},{"Body": [{"Decl": "VarDecl","Var": {"Name": "multiplier","Type": "int"}}],"Type": "DeclStmt"},{"Body": [{"Decl": "VarDecl","Var": {"Init": {"IntegerLiteral": 1,"Type": "IntegerLiteral"},"Name": "sign","Type": "char"}}],"Type": "DeclStmt"},{"Cond": {"BinaryOperator": {"Lhs": {"OpCode": "*","SubExpr": {"DeclRef": {"Decl": "ParmVar","ParmVar": {"Name": "pointer","Type": "char *"}},"Type": "DeclRef"},"Type": "UnaryOperator"},"Rhs": {"CharacterLiteral": 45,"Type": "CharacterLiteral"}},"Opcode": "==","Type": "BinaryOperator"},"ElseStmt": {},"ThenStmt": {"Body": {"BinaryOperator": {"Lhs": {"DeclRef": {"Decl": "VarDecl","Var": {"Init": {"IntegerLiteral": 1,"Type": "IntegerLiteral"},"Name": "sign","Type": "char"}},"Type": "DeclRef"},"Rhs": {"OpCode": "-","SubExpr": {"IntegerLiteral": 1,"Type": "IntegerLiteral"},"Type": "UnaryOperator"}},"Opcode": "=","Type": "BinaryOperator"},"Type": "Expr"},"Type": "IfStmt"},{"Body": {"BinaryOperator": {"Lhs": {"DeclRef": {"Decl": "VarDecl","Var": {"Name": "pointer1","Type": "char *"}},"Type": "DeclRef"},"Rhs": {"DeclRef": {"Decl": "ParmVar","ParmVar": {"Name": "pointer","Type": "char *"}},"Type": "DeclRef"}},"Opcode": "=","Type": "BinaryOperator"},"Type": "Expr"},{"Body": {"Body": [{"Cond": {"BinaryOperator": {"Lhs": {"BinaryOperator": {"Lhs": {"OpCode": "*","SubExpr": {"DeclRef": {"Decl": "ParmVar","ParmVar": {"Name": "pointer","Type": "char *"}},"Type": "DeclRef"},"Type": "UnaryOperator"},"Rhs": {"CharacterLiteral": 48,"Type": "CharacterLiteral"}},"Opcode": ">=","Type": "BinaryOperator"},"Rhs": {"BinaryOperator": {"Lhs": {"OpCode": "*","SubExpr": {"DeclRef": {"Decl": "ParmVar","ParmVar": {"Name": "pointer","Type": "char *"}},"Type": "DeclRef"},"Type": "UnaryOperator"},"Rhs": {"CharacterLiteral": 57,"Type": "CharacterLiteral"}},"Opcode": "<=","Type": "BinaryOperator"}},"Opcode": "&&","Type": "BinaryOperator"},"ElseStmt": {},"ThenStmt": {"Body": {"BinaryOperator": {"Lhs": {"DeclRef": {"Decl": "VarDecl","Var": {"Name": "multiplier","Type": "int"}},"Type": "DeclRef"},"Rhs": {"BinaryOperator": {"Lhs": {"DeclRef": {"Decl": "VarDecl","Var": {"Name": "multiplier","Type": "int"}},"Type": "DeclRef"},"Rhs": {"IntegerLiteral": 10,"Type": "IntegerLiteral"}},"Opcode": "*","Type": "BinaryOperator"}},"Opcode": "=","Type": "BinaryOperator"},"Type": "Expr"},"Type": "IfStmt"},{"Body": {"BinaryOperator": {"Lhs": {"DeclRef": {"Decl": "ParmVar","ParmVar": {"Name": "pointer","Type": "char *"}},"Type": "DeclRef"},"Rhs": {"BinaryOperator": {"Lhs": {"DeclRef": {"Decl": "ParmVar","ParmVar": {"Name": "pointer","Type": "char *"}},"Type": "DeclRef"},"Rhs": {"IntegerLiteral": 1,"Type": "IntegerLiteral"}},"Opcode": "+","Type": "BinaryOperator"}},"Opcode": "=","Type": "BinaryOperator"},"Type": "Expr"}],"Type": "CompoundStmt"},"Cond": {"BinaryOperator": {"Lhs": {"OpCode": "*","SubExpr": {"DeclRef": {"Decl": "ParmVar","ParmVar": {"Name": "pointer","Type": "char *"}},"Type": "DeclRef"},"Type": "UnaryOperator"},"Rhs": {"CharacterLiteral": 0,"Type": "CharacterLiteral"}},"Opcode": "!=","Type": "BinaryOperator"},"Type": "WhileStmt"},{"Body": {"BinaryOperator": {"Lhs": {"DeclRef": {"Decl": "ParmVar","ParmVar": {"Name": "pointer","Type": "char *"}},"Type": "DeclRef"},"Rhs": {"DeclRef": {"Decl": "VarDecl","Var": {"Name": "pointer1","Type": "char *"}},"Type": "DeclRef"}},"Opcode": "=","Type": "BinaryOperator"},"Type": "Expr"},{"Body": {"Body": [{"Cond": {"BinaryOperator": {"Lhs": {"BinaryOperator": {"Lhs": {"OpCode": "*","SubExpr": {"DeclRef": {"Decl": "ParmVar","ParmVar": {"Name": "pointer","Type": "char *"}},"Type": "DeclRef"},"Type": "UnaryOperator"},"Rhs": {"CharacterLiteral": 48,"Type": "CharacterLiteral"}},"Opcode": ">=","Type": "BinaryOperator"},"Rhs": {"BinaryOperator": {"Lhs": {"OpCode": "*","SubExpr": {"DeclRef": {"Decl": "ParmVar","ParmVar": {"Name": "pointer","Type": "char *"}},"Type": "DeclRef"},"Type": "UnaryOperator"},"Rhs": {"CharacterLiteral": 57,"Type": "CharacterLiteral"}},"Opcode": "<=","Type": "BinaryOperator"}},"Opcode": "&&","Type": "BinaryOperator"},"ElseStmt": {},"ThenStmt": {"Body": [{"Body": {"BinaryOperator": {"Lhs": {"DeclRef": {"Decl": "VarDecl","Var": {"Init": {"IntegerLiteral": 0,"Type": "IntegerLiteral"},"Name": "result","Type": "int"}},"Type": "DeclRef"},"Rhs": {"BinaryOperator": {"Lhs": {"DeclRef": {"Decl": "VarDecl","Var": {"Init": {"IntegerLiteral": 0,"Type": "IntegerLiteral"},"Name": "result","Type": "int"}},"Type": "DeclRef"},"Rhs": {"SubExpr": {"BinaryOperator": {"Lhs": {"SubExpr": {"BinaryOperator": {"Lhs": {"OpCode": "*","SubExpr": {"DeclRef": {"Decl": "ParmVar","ParmVar": {"Name": "pointer","Type": "char *"}},"Type": "DeclRef"},"Type": "UnaryOperator"},"Rhs": {"IntegerLiteral": 48,"Type": "IntegerLiteral"}},"Opcode": "%","Type": "BinaryOperator"},"Type": "ParenExpr"},"Rhs": {"DeclRef": {"Decl": "VarDecl","Var": {"Name": "multiplier","Type": "int"}},"Type": "DeclRef"}},"Opcode": "*","Type": "BinaryOperator"},"Type": "ParenExpr"}},"Opcode": "+","Type": "BinaryOperator"}},"Opcode": "=","Type": "BinaryOperator"},"Type": "Expr"},{"Body": {"BinaryOperator": {"Lhs": {"DeclRef": {"Decl": "VarDecl","Var": {"Name": "multiplier","Type": "int"}},"Type": "DeclRef"},"Rhs": {"BinaryOperator": {"Lhs": {"DeclRef": {"Decl": "VarDecl","Var": {"Name": "multiplier","Type": "int"}},"Type": "DeclRef"},"Rhs": {"IntegerLiteral": 10,"Type": "IntegerLiteral"}},"Opcode": "/","Type": "BinaryOperator"}},"Opcode": "=","Type": "BinaryOperator"},"Type": "Expr"}],"Type": "CompoundStmt"},"Type": "IfStmt"},{"Body": {"BinaryOperator": {"Lhs": {"DeclRef": {"Decl": "ParmVar","ParmVar": {"Name": "pointer","Type": "char *"}},"Type": "DeclRef"},"Rhs": {"BinaryOperator": {"Lhs": {"DeclRef": {"Decl": "ParmVar","ParmVar": {"Name": "pointer","Type": "char *"}},"Type": "DeclRef"},"Rhs": {"IntegerLiteral": 1,"Type": "IntegerLiteral"}},"Opcode": "+","Type": "BinaryOperator"}},"Opcode": "=","Type": "BinaryOperator"},"Type": "Expr"}],"Type": "CompoundStmt"},"Cond": {"BinaryOperator": {"Lhs": {"OpCode": "*","SubExpr": {"DeclRef": {"Decl": "ParmVar","ParmVar": {"Name": "pointer","Type": "char *"}},"Type": "DeclRef"},"Type": "UnaryOperator"},"Rhs": {"CharacterLiteral": 0,"Type": "CharacterLiteral"}},"Opcode": "!=","Type": "BinaryOperator"},"Type": "WhileStmt"},{"ReturnValue": {"BinaryOperator": {"Lhs": {"SubExpr": {"BinaryOperator": {"Lhs": {"DeclRef": {"Decl": "VarDecl","Var": {"Init": {"IntegerLiteral": 0,"Type": "IntegerLiteral"},"Name": "result","Type": "int"}},"Type": "DeclRef"},"Rhs": {"DeclRef": {"Decl": "VarDecl","Var": {"Init": {"IntegerLiteral": 1,"Type": "IntegerLiteral"},"Name": "sign","Type": "char"}},"Type": "DeclRef"}},"Opcode": "*","Type": "BinaryOperator"},"Type": "ParenExpr"},"Rhs": {"IntegerLiteral": 10,"Type": "IntegerLiteral"}},"Opcode": "/","Type": "BinaryOperator"},"Type": "ReturnStmt"}],"Type": "CompoundStmt"},"Name": "my_atoi","Parameters": [{"Decl": "ParmVar","ParmVar": {"Name": "pointer","Type": "char *"}}],"ReturnType": "int"},"Id": 2,"Name": "my_atoi","Type": "Function"}
 {"Decl": "FunctionDecl","FunctionDecl": {"Name": "foo","Parameters": [{"Decl": "ParmVar","ParmVar": {"Name": "a","Type": "int"}}],"ReturnType": "int"},"Id": 2,"Name": "foo","Type": "Function"}
 {"Decl": "FunctionDecl","FunctionDecl": {"Name": "bar","Parameters": [{"Decl": "ParmVar","ParmVar": {"Name": "a","Type": "int"}},{"Decl": "ParmVar","ParmVar": {"Name": "b","Type": "int"}}],"ReturnType": "void"},"Id": 3,"Name": "bar","Type": "Function"}
 {"Decl": "EnumDecl","EnumDecl": {"Enumeration": [{"SIZE": 33554432},{"ZONE": 284},{"R_SIZE": 102400},{"T_SIZE": 32},{"LK_SIZE": 16777216}],"Identifier": ""},"Id": 4,"Type": "Enum"}
 {"Decl": "EnumDecl","EnumDecl": {"Enumeration": [{"A": {"IntegerLiteral": 0,"Type": "IntegerLiteral"}},{"B": 1},{"C": 2}],"Identifier": "namedEnum"},"Id": 5,"Type": "Enum"}
 {"Id": 6,"Type": "Record"}
 {"FDType": {"Type": "int"},"Id": 7,"Name": "field1","Type": "Field"}
 {"FDType": {"Type": "int"},"Id": 8,"Name": "field2","Type": "Field"}
 {"Decl": "Typedef","Id": 9,"Type": "Typedef","Typedef": {"Identifier": "fooStruct","Type": "struct _fooStruct"}}
 {"Decl": "Typedef","Id": 10,"Type": "Typedef","Typedef": {"Identifier": "fn","Type": "void (*)(void)"}}
 {"Decl": "EnumDecl","EnumDecl": {"Enumeration": [{"START": 0},{"STOP": 1}],"Identifier": "running"},"Id": 11,"Type": "Enum"}
 {"Decl": "Typedef","Id": 12,"Type": "Typedef","Typedef": {"Identifier": "running","Type": "enum running"}}
 {"Decl": "EnumDecl","EnumDecl": {"Enumeration": [{"ONE": 0},{"TWO": 1}],"Identifier": ""},"Id": 13,"Type": "Enum"}
 {"Decl": "VarDecl","Id": 14,"Type": "Var","Var": {"Name": "numbers","Type": "enum (anonymous enum at C:_Users_rahulku_S_llvm_tools_clang_tools_c2sql_test_hello.c:9:1)"}}
 {"Decl": "VarDecl","Id": 15,"Type": "Var","Var": {"Name": "global1","Type": "int"}}
 {"Decl": "VarDecl","Id": 16,"Type": "Var","Var": {"Name": "global2","Type": "int"}}
 {"Decl": "VarDecl","Id": 17,"Type": "Var","Var": {"Name": "global3","Type": "int"}}
 {"Decl": "VarDecl","Id": 18,"Type": "Var","Var": {"Init": {"DeclRef": {"Decl": "EnumConstantDecl","EnumConstantDecl": {"Type": "int"}},"Type": "DeclRef"},"Name": "state","Type": "running"}}
 {"Decl": "FunctionDecl","FunctionDecl": {"Body": {"Body": [{"Body": {"BinaryOperator": {"Lhs": {"DeclRef": {"Decl": "VarDecl","Var": {"Name": "global1","Type": "int"}},"Type": "DeclRef"},"Rhs": {"IntegerLiteral": 0,"Type": "IntegerLiteral"}},"Opcode": "=","Type": "BinaryOperator"},"Type": "Expr"},{"Body": {"BinaryOperator": {"Lhs": {"DeclRef": {"Decl": "VarDecl","Var": {"Name": "global2","Type": "int"}},"Type": "DeclRef"},"Rhs": {"IntegerLiteral": 0,"Type": "IntegerLiteral"}},"Opcode": "=","Type": "BinaryOperator"},"Type": "Expr"},{"Body": {"BinaryOperator": {"Lhs": {"DeclRef": {"Decl": "VarDecl","Var": {"Name": "numbers","Type": "enum (anonymous enum at C:_Users_rahulku_S_llvm_tools_clang_tools_c2sql_test_hello.c:9:1)"}},"Type": "DeclRef"},"Rhs": {"DeclRef": {"Decl": "EnumConstantDecl","EnumConstantDecl": {"Type": "int"}},"Type": "DeclRef"}},"Opcode": "=","Type": "BinaryOperator"},"Type": "Expr"},{"Body": {"BinaryOperator": {"Lhs": {"DeclRef": {"Decl": "VarDecl","Var": {"Init": {"DeclRef": {"Decl": "EnumConstantDecl","EnumConstantDecl": {"Type": "int"}},"Type": "DeclRef"},"Name": "state","Type": "running"}},"Type": "DeclRef"},"Rhs": {"DeclRef": {"Decl": "EnumConstantDecl","EnumConstantDecl": {"Type": "int"}},"Type": "DeclRef"}},"Opcode": "=","Type": "BinaryOperator"},"Type": "Expr"}],"Type": "CompoundStmt"},"Name": "hello_init","Parameters": [],"ReturnType": "void"},"Id": 19,"Name": "hello_init","Type": "Function"}
 {"Decl": "FunctionDecl","FunctionDecl": {"Body": {"Body": [],"Type": "CompoundStmt"},"Name": "fn1","Parameters": [],"ReturnType": "void"},"Id": 20,"Name": "fn1","Type": "Function"}
 {"Decl": "FunctionDecl","FunctionDecl": {"Body": {"Body": [{"Body": [{"Decl": "VarDecl","Var": {"Name": "local1","Type": "int"}},{"Decl": "VarDecl","Var": {"Name": "local2","Type": "int"}}],"Type": "DeclStmt"},{"Body": [{"Decl": "VarDecl","Var": {"Name": "localchar","Type": "char"}}],"Type": "DeclStmt"},{"Body": [{"Decl": "VarDecl","Var": {"Name": "localshort","Type": "short"}}],"Type": "DeclStmt"},{"Body": [{"Decl": "VarDecl","Var": {"Init": {"OpCode": "&","SubExpr": {"DeclRef": {"Name": "fn1"},"Type": "DeclRef"},"Type": "UnaryOperator"},"Name": "indirectcall","Type": "fn"}}],"Type": "DeclStmt"},{"Body": {"Call": {"Args": [],"Callee": "hello_init","Calltype": "direct"},"Type": "Call"},"Type": "Expr"},{"Body": {"BinaryOperator": {"Lhs": {"DeclRef": {"Decl": "VarDecl","Var": {"Name": "global1","Type": "int"}},"Type": "DeclRef"},"Rhs": {"BinaryOperator": {"Lhs": {"DeclRef": {"Decl": "VarDecl","Var": {"Name": "global1","Type": "int"}},"Type": "DeclRef"},"Rhs": {"IntegerLiteral": 1,"Type": "IntegerLiteral"}},"Opcode": "+","Type": "BinaryOperator"}},"Opcode": "=","Type": "BinaryOperator"},"Type": "Expr"},{"Body": {"Call": {"Args": [],"Callee": {"SubExpr": {"OpCode": "*","SubExpr": {"DeclRef": {"Decl": "VarDecl","Var": {"Init": {"OpCode": "&","SubExpr": {"DeclRef": {"Name": "fn1"},"Type": "DeclRef"},"Type": "UnaryOperator"},"Name": "indirectcall","Type": "fn"}},"Type": "DeclRef"},"Type": "UnaryOperator"},"Type": "ParenExpr"},"Calltype": "indirect"},"Type": "Call"},"Type": "Expr"},{"Body": {"Call": {"Args": [{"Arg": {"StringLiteral": "SomeString","Type": "StringLiteral"},"Type": "const char *"}],"Callee": "printf","Calltype": "direct"},"Type": "Call"},"Type": "Expr"},{"Body": {"Call": {"Args": [{"Arg": {"BinaryOperator": {"Lhs": {"IntegerLiteral": 1,"Type": "IntegerLiteral"},"Rhs": {"IntegerLiteral": 42,"Type": "IntegerLiteral"}},"Opcode": "+","Type": "BinaryOperator"},"Type": "int"},{"Arg": {"IntegerLiteral": 3,"Type": "IntegerLiteral"},"Type": "int"}],"Callee": "bar","Calltype": "direct"},"Type": "Call"},"Type": "Expr"},{"Body": {"BinaryOperator": {"Lhs": {"DeclRef": {"Decl": "VarDecl","Var": {"Name": "local1","Type": "int"}},"Type": "DeclRef"},"Rhs": {"BinaryOperator": {"Lhs": {"IntegerLiteral": 84,"Type": "IntegerLiteral"},"Rhs": {"IntegerLiteral": 42,"Type": "IntegerLiteral"}},"Opcode": "+","Type": "BinaryOperator"}},"Opcode": "=","Type": "BinaryOperator"},"Type": "Expr"},{"Body": {"BinaryOperator": {"Lhs": {"DeclRef": {"Decl": "VarDecl","Var": {"Name": "local1","Type": "int"}},"Type": "DeclRef"},"Rhs": {"Call": {"Args": [{"Arg": {"IntegerLiteral": 112,"Type": "IntegerLiteral"},"Type": "int"}],"Callee": "foo","Calltype": "direct"},"Type": "Call"}},"Opcode": "=","Type": "BinaryOperator"},"Type": "Expr"},{"Body": {"Call": {"Args": [{"Arg": {"DeclRef": {"Decl": "VarDecl","Var": {"Init": {"DeclRef": {"Decl": "EnumConstantDecl","EnumConstantDecl": {"Type": "int"}},"Type": "DeclRef"},"Name": "state","Type": "running"}},"Type": "DeclRef"},"Type": "int"}],"Callee": "foo","Calltype": "direct"},"Type": "Call"},"Type": "Expr"},{"Body": {"Call": {"Args": [{"Arg": {"Call": {"Args": [{"Arg": {"IntegerLiteral": 11,"Type": "IntegerLiteral"},"Type": "int"}],"Callee": "foo","Calltype": "direct"},"Type": "Call"},"Type": "int"},{"Arg": {"IntegerLiteral": 333,"Type": "IntegerLiteral"},"Type": "int"}],"Callee": "bar","Calltype": "direct"},"Type": "Call"},"Type": "Expr"},{"Body": {"Body": [{"Body": {"OpCode": "NotGiven","SubExpr": {"DeclRef": {"Decl": "VarDecl","Var": {"Name": "local1","Type": "int"}},"Type": "DeclRef"},"Type": "UnaryOperator"},"Type": "Expr"}],"Type": "CompoundStmt"},"Cond": {"BinaryOperator": {"Lhs": {"DeclRef": {"Decl": "VarDecl","Var": {"Name": "local1","Type": "int"}},"Type": "DeclRef"},"Rhs": {"IntegerLiteral": 123,"Type": "IntegerLiteral"}},"Opcode": "<","Type": "BinaryOperator"},"Type": "WhileStmt"},{"ReturnValue": {"IntegerLiteral": 0,"Type": "IntegerLiteral"},"Type": "ReturnStmt"}],"Type": "CompoundStmt"},"Name": "main","Parameters": [{"Decl": "ParmVar","ParmVar": {"Name": "argc","Type": "int"}},{"Decl": "ParmVar","ParmVar": {"Name": "argv","Type": "char **"}}],"ReturnType": "int"},"Id": 21,"Name": "main","Type": "Function"}
 {"Decl": "FunctionDecl","FunctionDecl": {"Body": {"Body": [{"Body": {"Call": {"Args": [{"Arg": {"DeclRef": {"Decl": "ParmVar","ParmVar": {"Name": "a","Type": "int"}},"Type": "DeclRef"},"Type": "int"},{"Arg": {"IntegerLiteral": 0,"Type": "IntegerLiteral"},"Type": "int"}],"Callee": "bar","Calltype": "direct"},"Type": "Call"},"Type": "Expr"},{"ReturnValue": {"OpCode": "NotGiven","SubExpr": {"DeclRef": {"Decl": "ParmVar","ParmVar": {"Name": "a","Type": "int"}},"Type": "DeclRef"},"Type": "UnaryOperator"},"Type": "ReturnStmt"}],"Type": "CompoundStmt"},"Name": "foo","Parameters": [{"Decl": "ParmVar","ParmVar": {"Name": "a","Type": "int"}}],"ReturnType": "int"},"Id": 2,"Name": "foo","Type": "Function"}
 {"Decl": "FunctionDecl","FunctionDecl": {"Body": {"Body": [{"Cond": {"BinaryOperator": {"Lhs": {"DeclRef": {"Decl": "ParmVar","ParmVar": {"Name": "a","Type": "int"}},"Type": "DeclRef"},"Rhs": {"DeclRef": {"Decl": "ParmVar","ParmVar": {"Name": "b","Type": "int"}},"Type": "DeclRef"}},"Opcode": ">","Type": "BinaryOperator"},"ElseStmt": {"Cond": {"BinaryOperator": {"Lhs": {"DeclRef": {"Decl": "ParmVar","ParmVar": {"Name": "a","Type": "int"}},"Type": "DeclRef"},"Rhs": {"DeclRef": {"Decl": "ParmVar","ParmVar": {"Name": "b","Type": "int"}},"Type": "DeclRef"}},"Opcode": "<","Type": "BinaryOperator"},"ElseStmt": {"Type": "ReturnStmt"},"ThenStmt": {"Body": [{"Body": {"Call": {"Args": [{"Arg": {"BinaryOperator": {"Lhs": {"DeclRef": {"Decl": "ParmVar","ParmVar": {"Name": "b","Type": "int"}},"Type": "DeclRef"},"Rhs": {"DeclRef": {"Decl": "ParmVar","ParmVar": {"Name": "a","Type": "int"}},"Type": "DeclRef"}},"Opcode": "-","Type": "BinaryOperator"},"Type": "int"}],"Callee": "foo","Calltype": "direct"},"Type": "Call"},"Type": "Expr"}],"Type": "CompoundStmt"},"Type": "IfStmt"},"ThenStmt": {"Body": [{"Body": {"Call": {"Args": [{"Arg": {"BinaryOperator": {"Lhs": {"DeclRef": {"Decl": "ParmVar","ParmVar": {"Name": "a","Type": "int"}},"Type": "DeclRef"},"Rhs": {"DeclRef": {"Decl": "ParmVar","ParmVar": {"Name": "b","Type": "int"}},"Type": "DeclRef"}},"Opcode": "-","Type": "BinaryOperator"},"Type": "int"}],"Callee": "foo","Calltype": "direct"},"Type": "Call"},"Type": "Expr"}],"Type": "CompoundStmt"},"Type": "IfStmt"}],"Type": "CompoundStmt"},"Name": "bar","Parameters": [{"Decl": "ParmVar","ParmVar": {"Name": "a","Type": "int"}},{"Decl": "ParmVar","ParmVar": {"Name": "b","Type": "int"}}],"ReturnType": "void"},"Id": 3,"Name": "bar","Type": "Function"}
 {"Decl": "EnumDecl","EnumDecl": {"Enumeration": [{"SIZE": 33554432},{"ZONE": 284},{"R_SIZE": 102400},{"T_SIZE": 32},{"LK_SIZE": 16777216}],"Identifier": ""},"Id": 4,"Type": "Enum"}
 {"Decl": "EnumDecl","EnumDecl": {"Enumeration": [{"A": {"IntegerLiteral": 0,"Type": "IntegerLiteral"}},{"B": 1},{"C": 2}],"Identifier": "namedEnum"},"Id": 5,"Type": "Enum"}
 {"Decl": "VarDecl","Id": 6,"Type": "Var","Var": {"Name": "y","Type": "int"}}
 {"Decl": "FunctionDecl","FunctionDecl": {"Body": {"Body": [],"Type": "CompoundStmt"},"Name": "public1","Parameters": [],"ReturnType": "int"},"Id": 7,"Name": "public1","Type": "Function"}
 {"Decl": "FunctionDecl","FunctionDecl": {"Body": {"Body": [{"Body": [{"Decl": "VarDecl","Var": {"Name": "x","Type": "int"}}],"Type": "DeclStmt"},{"Body": {"BinaryOperator": {"Lhs": {"DeclRef": {"Decl": "VarDecl","Var": {"Name": "x","Type": "int"}},"Type": "DeclRef"},"Rhs": {"IntegerLiteral": 1,"Type": "IntegerLiteral"}},"Opcode": "=","Type": "BinaryOperator"},"Type": "Expr"},{"Cond": {"BinaryOperator": {"Lhs": {"DeclRef": {"Decl": "VarDecl","Var": {"Name": "x","Type": "int"}},"Type": "DeclRef"},"Rhs": {"IntegerLiteral": 9,"Type": "IntegerLiteral"}},"Opcode": ">","Type": "BinaryOperator"},"ElseStmt": {},"ThenStmt": {"Body": [{"Body": [{"Decl": "VarDecl","Var": {"Name": "x","Type": "int"}}],"Type": "DeclStmt"},{"Body": {"BinaryOperator": {"Lhs": {"DeclRef": {"Decl": "VarDecl","Var": {"Name": "x","Type": "int"}},"Type": "DeclRef"},"Rhs": {"IntegerLiteral": 2,"Type": "IntegerLiteral"}},"Opcode": "=","Type": "BinaryOperator"},"Type": "Expr"}],"Type": "CompoundStmt"},"Type": "IfStmt"}],"Type": "CompoundStmt"},"Name": "testScope","Parameters": [],"ReturnType": "void"},"Id": 8,"Name": "testScope","Type": "Function"}
 {"Decl": "Typedef","Id": 2,"Type": "Typedef","Typedef": {"Identifier": "token","Type": "int"}}
 {"Decl": "Typedef","Id": 3,"Type": "Typedef","Typedef": {"Identifier": "queue","Type": "int"}}
 {"Decl": "Typedef","Id": 4,"Type": "Typedef","Typedef": {"Identifier": "someFunc","Type": "void (*)(void)"}}
 {"Id": 5,"Type": "Record"}
 {"FDType": {"Type": "someFunc"},"Id": 6,"Name": "fptr","Type": "Field"}
 {"Decl": "Typedef","Id": 7,"Type": "Typedef","Typedef": {"Identifier": "reply","Type": "struct _reply"}}
 {"Decl": "VarDecl","Id": 8,"Type": "Var","Var": {"Name": "aQ","Type": "queue"}}
 {"Decl": "VarDecl","Id": 9,"Type": "Var","Var": {"Name": "bQ","Type": "queue"}}
 {"Decl": "VarDecl","Id": 10,"Type": "Var","Var": {"Init": {"ILEType": {"Type": "token [4]"},"Inits": [{"IntegerLiteral": 0,"Type": "IntegerLiteral"},{"IntegerLiteral": 1,"Type": "IntegerLiteral"},{"IntegerLiteral": 2,"Type": "IntegerLiteral"},{"IntegerLiteral": 3,"Type": "IntegerLiteral"}],"Type": "InitListExpr"},"Name": "tokens","Type": "token [4]"}}
 {"Decl": "FunctionDecl","FunctionDecl": {"Body": {"Body": [],"Type": "CompoundStmt"},"Name": "queue_send","Parameters": [{"Decl": "ParmVar","ParmVar": {"Name": "q","Type": "queue"}},{"Decl": "ParmVar","ParmVar": {"Name": "t","Type": "token"}},{"Decl": "ParmVar","ParmVar": {"Name": "r","Type": "reply *"}}],"ReturnType": "void"},"Id": 11,"Name": "queue_send","Type": "Function"}
 {"Decl": "FunctionDecl","FunctionDecl": {"Body": {"Body": [{"Cond": {"BinaryOperator": {"Lhs": {"DeclRef": {"Decl": "ParmVar","ParmVar": {"Name": "r","Type": "reply *"}},"Type": "DeclRef"},"Rhs": {"IntegerLiteral": 0,"Type": "IntegerLiteral"}},"Opcode": "!=","Type": "BinaryOperator"},"ElseStmt": {},"ThenStmt": {"Body": [{"Body": {"Call": {"Args": [],"Callee": {"SubExpr": {"Base": {"DeclRef": {"Decl": "ParmVar","ParmVar": {"Name": "r","Type": "reply *"}},"Type": "DeclRef"},"Member": "fptr","MemberDecl": {"FDType": {"Type": "someFunc"},"Name": "fptr","Type": "FieldDecl"},"MemberExprType": {"Type": "someFunc"},"Type": "MemberExpr"},"Type": "ParenExpr"},"Calltype": "indirect"},"Type": "Call"},"Type": "Expr"}],"Type": "CompoundStmt"},"Type": "IfStmt"}],"Type": "CompoundStmt"},"Name": "send_reply","Parameters": [{"Decl": "ParmVar","ParmVar": {"Name": "r","Type": "reply *"}}],"ReturnType": "void"},"Id": 12,"Name": "send_reply","Type": "Function"}
 {"Decl": "FunctionDecl","FunctionDecl": {"Body": {"Body": [],"Type": "CompoundStmt"},"Name": "queue_receive","Parameters": [{"Decl": "ParmVar","ParmVar": {"Name": "q","Type": "queue"}}],"ReturnType": "void"},"Id": 13,"Name": "queue_receive","Type": "Function"}
 {"Decl": "FunctionDecl","FunctionDecl": {"Body": {"Body": [{"Body": {"Call": {"Args": [{"Arg": {"DeclRef": {"Decl": "VarDecl","Var": {"Name": "aQ","Type": "queue"}},"Type": "DeclRef"},"Type": "queue"}],"Callee": "queue_receive","Calltype": "direct"},"Type": "Call"},"Type": "Expr"}],"Type": "CompoundStmt"},"Name": "A_receive","Parameters": [],"ReturnType": "void"},"Id": 14,"Name": "A_receive","Type": "Function"}
 {"Decl": "FunctionDecl","FunctionDecl": {"Body": {"Body": [{"Body": {"Call": {"Args": [{"Arg": {"DeclRef": {"Decl": "VarDecl","Var": {"Name": "bQ","Type": "queue"}},"Type": "DeclRef"},"Type": "queue"}],"Callee": "queue_receive","Calltype": "direct"},"Type": "Call"},"Type": "Expr"}],"Type": "CompoundStmt"},"Name": "B_receive","Parameters": [],"ReturnType": "void"},"Id": 15,"Name": "B_receive","Type": "Function"}
 {"Decl": "FunctionDecl","FunctionDecl": {"Body": {"Body": [{"Body": {"Call": {"Args": [{"Arg": {"DeclRef": {"Decl": "VarDecl","Var": {"Name": "aQ","Type": "queue"}},"Type": "DeclRef"},"Type": "queue"},{"Arg": {"Lhs": {"DeclRef": {"Decl": "VarDecl","Var": {"Init": {"ILEType": {"Type": "token [4]"},"Inits": [{"IntegerLiteral": 0,"Type": "IntegerLiteral"},{"IntegerLiteral": 1,"Type": "IntegerLiteral"},{"IntegerLiteral": 2,"Type": "IntegerLiteral"},{"IntegerLiteral": 3,"Type": "IntegerLiteral"}],"Type": "InitListExpr"},"Name": "tokens","Type": "token [4]"}},"Type": "DeclRef"},"Rhs": {"IntegerLiteral": 3,"Type": "IntegerLiteral"},"Type": "ArraySubscriptExpr"},"Type": "token"},{"Arg": {"IntegerLiteral": 0,"Type": "IntegerLiteral"},"Type": "reply *"}],"Callee": "queue_send","Calltype": "direct"},"Type": "Call"},"Type": "Expr"}],"Type": "CompoundStmt"},"Name": "fun1","Parameters": [],"ReturnType": "void"},"Id": 16,"Name": "fun1","Type": "Function"}
 {"Decl": "FunctionDecl","FunctionDecl": {"Body": {"Body": [{"Body": {"Call": {"Args": [{"Arg": {"DeclRef": {"Decl": "VarDecl","Var": {"Name": "aQ","Type": "queue"}},"Type": "DeclRef"},"Type": "queue"},{"Arg": {"Lhs": {"DeclRef": {"Decl": "VarDecl","Var": {"Init": {"ILEType": {"Type": "token [4]"},"Inits": [{"IntegerLiteral": 0,"Type": "IntegerLiteral"},{"IntegerLiteral": 1,"Type": "IntegerLiteral"},{"IntegerLiteral": 2,"Type": "IntegerLiteral"},{"IntegerLiteral": 3,"Type": "IntegerLiteral"}],"Type": "InitListExpr"},"Name": "tokens","Type": "token [4]"}},"Type": "DeclRef"},"Rhs": {"IntegerLiteral": 0,"Type": "IntegerLiteral"},"Type": "ArraySubscriptExpr"},"Type": "token"},{"Arg": {"IntegerLiteral": 0,"Type": "IntegerLiteral"},"Type": "reply *"}],"Callee": "queue_send","Calltype": "direct"},"Type": "Call"},"Type": "Expr"}],"Type": "CompoundStmt"},"Name": "fun2","Parameters": [],"ReturnType": "void"},"Id": 17,"Name": "fun2","Type": "Function"}
 {"Decl": "FunctionDecl","FunctionDecl": {"Body": {"Body": [{"Body": [{"Decl": "VarDecl","Var": {"Name": "r","Type": "reply"}}],"Type": "DeclStmt"},{"Body": {"BinaryOperator": {"Lhs": {"Base": {"DeclRef": {"Decl": "VarDecl","Var": {"Name": "r","Type": "reply"}},"Type": "DeclRef"},"Member": "fptr","MemberDecl": {"FDType": {"Type": "someFunc"},"Name": "fptr","Type": "FieldDecl"},"MemberExprType": {"Type": "someFunc"},"Type": "MemberExpr"},"Rhs": {"DeclRef": {"Decl": "ParmVar","ParmVar": {"Name": "f","Type": "someFunc"}},"Type": "DeclRef"}},"Opcode": "=","Type": "BinaryOperator"},"Type": "Expr"},{"ReturnValue": {"DeclRef": {"Decl": "VarDecl","Var": {"Name": "r","Type": "reply"}},"Type": "DeclRef"},"Type": "ReturnStmt"}],"Type": "CompoundStmt"},"Name": "make_reply","Parameters": [{"Decl": "ParmVar","ParmVar": {"Name": "f","Type": "someFunc"}}],"ReturnType": "reply"},"Id": 18,"Name": "make_reply","Type": "Function"}
 {"Decl": "FunctionDecl","FunctionDecl": {"Body": {"Body": [{"Body": [{"Decl": "VarDecl","Var": {"Name": "r","Type": "reply"}}],"Type": "DeclStmt"},{"Body": {"BinaryOperator": {"Lhs": {"DeclRef": {"Decl": "VarDecl","Var": {"Name": "r","Type": "reply"}},"Type": "DeclRef"},"Rhs": {"Call": {"Args": [{"Arg": {"DeclRef": {"Name": "fun1"},"Type": "DeclRef"},"Type": "void (*)(void)"}],"Callee": "make_reply","Calltype": "direct"},"Type": "Call"}},"Opcode": "=","Type": "BinaryOperator"},"Type": "Expr"},{"Body": {"Call": {"Args": [{"Arg": {"DeclRef": {"Decl": "VarDecl","Var": {"Name": "bQ","Type": "queue"}},"Type": "DeclRef"},"Type": "queue"},{"Arg": {"Lhs": {"DeclRef": {"Decl": "VarDecl","Var": {"Init": {"ILEType": {"Type": "token [4]"},"Inits": [{"IntegerLiteral": 0,"Type": "IntegerLiteral"},{"IntegerLiteral": 1,"Type": "IntegerLiteral"},{"IntegerLiteral": 2,"Type": "IntegerLiteral"},{"IntegerLiteral": 3,"Type": "IntegerLiteral"}],"Type": "InitListExpr"},"Name": "tokens","Type": "token [4]"}},"Type": "DeclRef"},"Rhs": {"IntegerLiteral": 1,"Type": "IntegerLiteral"},"Type": "ArraySubscriptExpr"},"Type": "token"},{"Arg": {"OpCode": "&","SubExpr": {"DeclRef": {"Decl": "VarDecl","Var": {"Name": "r","Type": "reply"}},"Type": "DeclRef"},"Type": "UnaryOperator"},"Type": "reply *"}],"Callee": "queue_send","Calltype": "direct"},"Type": "Call"},"Type": "Expr"},{"Body": {"Call": {"Args": [{"Arg": {"DeclRef": {"Decl": "VarDecl","Var": {"Name": "bQ","Type": "queue"}},"Type": "DeclRef"},"Type": "queue"},{"Arg": {"IntegerLiteral": 42,"Type": "IntegerLiteral"},"Type": "int"},{"Arg": {"IntegerLiteral": 0,"Type": "IntegerLiteral"},"Type": "reply *"}],"Callee": "queue_send","Calltype": "direct"},"Type": "Call"},"Type": "Expr"}],"Type": "CompoundStmt"},"Name": "A","Parameters": [],"ReturnType": "void"},"Id": 19,"Name": "A","Type": "Function"}
