 {"Decl": "FunctionDecl","FunctionDecl": {"Body": {"Body": [{"Body": [{"Decl": "VarDecl","Var": {"Init": {"IntegerLiteral": 0,"Type": "IntegerLiteral"},"Name": "result","Type": "int"}}],"Type": "DeclStmt"},{"Body": [{"Decl": "VarDecl","Var": {"Name": "pointer1","Type": "char *"}}],"Type": "DeclStmt"},{"Body": [{"Decl": "VarDecl","Var": {"Name": "multiplier","Type": "int"}}],"Type": "DeclStmt"},{"Body": [{"Decl": "VarDecl","Var": {"Init": {"IntegerLiteral": 1,"Type": "IntegerLiteral"},"Name": "sign","Type": "char"}}],"Type": "DeclStmt"},{"Cond": {"BinaryOperator": {"Lhs": {"OpCode": "*","SubExpr": {"DeclRef": {"Decl": "ParmVar","ParmVar": {"Name": "pointer","Type": "char *"}},"Type": "DeclRef"},"Type": "UnaryOperator"},"Rhs": {"CharacterLiteral": 45,"Type": "CharacterLiteral"}},"Opcode": "==","Type": "BinaryOperator"},"ElseStmt": {},"ThenStmt": {"Body": {"BinaryOperator": {"Lhs": {"DeclRef": {"Decl": "VarDecl","Var": {"Init": {"IntegerLiteral": 1,"Type": "IntegerLiteral"},"Name": "sign","Type": "char"}},"Type": "DeclRef"},"Rhs": {"OpCode": "-","SubExpr": {"IntegerLiteral": 1,"Type": "IntegerLiteral"},"Type": "UnaryOperator"}},"Opcode": "=","Type": "BinaryOperator"},"Type": "Expr"},"Type": "IfStmt"},{"Body": {"BinaryOperator": {"Lhs": {"DeclRef": {"Decl": "VarDecl","Var": {"Name": "pointer1","Type": "char *"}},"Type": "DeclRef"},"Rhs": {"DeclRef": {"Decl": "ParmVar","ParmVar": {"Name": "pointer","Type": "char *"}},"Type": "DeclRef"}},"Opcode": "=","Type": "BinaryOperator"},"Type": "Expr"},{"Body": {"Body": [{"Cond": {"BinaryOperator": {"Lhs": {"BinaryOperator": {"Lhs": {"OpCode": "*","SubExpr": {"DeclRef": {"Decl": "ParmVar","ParmVar": {"Name": "pointer","Type": "char *"}},"Type": "DeclRef"},"Type": "UnaryOperator"},"Rhs": {"CharacterLiteral": 48,"Type": "CharacterLiteral"}},"Opcode": ">=","Type": "BinaryOperator"},"Rhs": {"BinaryOperator": {"Lhs": {"OpCode": "*","SubExpr": {"DeclRef": {"Decl": "ParmVar","ParmVar": {"Name": "pointer","Type": "char *"}},"Type": "DeclRef"},"Type": "UnaryOperator"},"Rhs": {"CharacterLiteral": 57,"Type": "CharacterLiteral"}},"Opcode": "<=","Type": "BinaryOperator"}},"Opcode": "&&","Type": "BinaryOperator"},"ElseStmt": {},"ThenStmt": {"Body": {"BinaryOperator": {"Lhs": {"DeclRef": {"Decl": "VarDecl","Var": {"Name": "multiplier","Type": "int"}},"Type": "DeclRef"},"Rhs": {"BinaryOperator": {"Lhs": {"DeclRef": {"Decl": "VarDecl","Var": {"Name": "multiplier","Type": "int"}},"Type": "DeclRef"},"Rhs": {"IntegerLiteral": 10,"Type": "IntegerLiteral"}},"Opcode": "*","Type": "BinaryOperator"}},"Opcode": "=","Type": "BinaryOperator"},"Type": "Expr"},"Type": "IfStmt"},{"Body": {"BinaryOperator": {"Lhs": {"DeclRef": {"Decl": "ParmVar","ParmVar": {"Name": "pointer","Type": "char *"}},"Type": "DeclRef"},"Rhs": {"BinaryOperator": {"Lhs": {"DeclRef": {"Decl": "ParmVar","ParmVar": {"Name": "pointer","Type": "char *"}},"Type": "DeclRef"},"Rhs": {"IntegerLiteral": 1,"Type": "IntegerLiteral"}},"Opcode": "+","Type": "BinaryOperator"}},"Opcode": "=","Type": "BinaryOperator"},"Type": "Expr"}],"Type": "CompoundStmt"},"Cond": {"BinaryOperator": {"Lhs": {"OpCode": "*","SubExpr": {"DeclRef": {"Decl": "ParmVar","ParmVar": {"Name": "pointer","Type": "char *"}},"Type": "DeclRef"},"Type": "UnaryOperator"},"Rhs": {"CharacterLiteral": 0,"Type": "CharacterLiteral"}},"Opcode": "!=","Type": "BinaryOperator"},"Type": "WhileStmt"},{"Body": {"BinaryOperator": {"Lhs": {"DeclRef": {"Decl": "ParmVar","ParmVar": {"Name": "pointer","Type": "char *"}},"Type": "DeclRef"},"Rhs": {"DeclRef": {"Decl": "VarDecl","Var": {"Name": "pointer1","Type": "char *"}},"Type": "DeclRef"}},"Opcode": "=","Type": "BinaryOperator"},"Type": "Expr"},{"Body": {"Body": [{"Cond": {"BinaryOperator": {"Lhs": {"BinaryOperator": {"Lhs": {"OpCode": "*","SubExpr": {"DeclRef": {"Decl": "ParmVar","ParmVar": {"Name": "pointer","Type": "char *"}},"Type": "DeclRef"},"Type": "UnaryOperator"},"Rhs": {"CharacterLiteral": 48,"Type": "CharacterLiteral"}},"Opcode": ">=","Type": "BinaryOperator"},"Rhs": {"BinaryOperator": {"Lhs": {"OpCode": "*","SubExpr": {"DeclRef": {"Decl": "ParmVar","ParmVar": {"Name": "pointer","Type": "char *"}},"Type": "DeclRef"},"Type": "UnaryOperator"},"Rhs": {"CharacterLiteral": 57,"Type": "CharacterLiteral"}},"Opcode": "<=","Type": "BinaryOperator"}},"Opcode": "&&","Type": "BinaryOperator"},"ElseStmt": {},"ThenStmt": {"Body": [{"Body": {"BinaryOperator": {"Lhs": {"DeclRef": {"Decl": "VarDecl","Var": {"Init": {"IntegerLiteral": 0,"Type": "IntegerLiteral"},"Name": "result","Type": "int"}},"Type": "DeclRef"},"Rhs": {"BinaryOperator": {"Lhs": {"DeclRef": {"Decl": "VarDecl","Var": {"Init": {"IntegerLiteral": 0,"Type": "IntegerLiteral"},"Name": "result","Type": "int"}},"Type": "DeclRef"},"Rhs": {"SubExpr": {"BinaryOperator": {"Lhs": {"SubExpr": {"BinaryOperator": {"Lhs": {"OpCode": "*","SubExpr": {"DeclRef": {"Decl": "ParmVar","ParmVar": {"Name": "pointer","Type": "char *"}},"Type": "DeclRef"},"Type": "UnaryOperator"},"Rhs": {"IntegerLiteral": 48,"Type": "IntegerLiteral"}},"Opcode": "%","Type": "BinaryOperator"},"Type": "ParenExpr"},"Rhs": {"DeclRef": {"Decl": "VarDecl","Var": {"Name": "multiplier","Type": "int"}},"Type": "DeclRef"}},"Opcode": "*","Type": "BinaryOperator"},"Type": "ParenExpr"}},"Opcode": "+","Type": "BinaryOperator"}},"Opcode": "=","Type": "BinaryOperator"},"Type": "Expr"},{"Body": {"BinaryOperator": {"Lhs": {"DeclRef": {"Decl": "VarDecl","Var": {"Name": "multiplier","Type": "int"}},"Type": "DeclRef"},"Rhs": {"BinaryOperator": {"Lhs": {"DeclRef": {"Decl": "VarDecl","Var": {"Name": "multiplier","Type": "int"}},"Type": "DeclRef"},"Rhs": {"IntegerLiteral": 10,"Type": "IntegerLiteral"}},"Opcode": "/","Type": "BinaryOperator"}},"Opcode": "=","Type": "BinaryOperator"},"Type": "Expr"}],"Type": "CompoundStmt"},"Type": "IfStmt"},{"Body": {"BinaryOperator": {"Lhs": {"DeclRef": {"Decl": "ParmVar","ParmVar": {"Name": "pointer","Type": "char *"}},"Type": "DeclRef"},"Rhs": {"BinaryOperator": {"Lhs": {"DeclRef": {"Decl": "ParmVar","ParmVar": {"Name": "pointer","Type": "char *"}},"Type": "DeclRef"},"Rhs": {"IntegerLiteral": 1,"Type": "IntegerLiteral"}},"Opcode": "+","Type": "BinaryOperator"}},"Opcode": "=","Type": "BinaryOperator"},"Type": "Expr"}],"Type": "CompoundStmt"},"Cond": {"BinaryOperator": {"Lhs": {"OpCode": "*","SubExpr": {"DeclRef": {"Decl": "ParmVar","ParmVar": {"Name": "pointer","Type": "char *"}},"Type": "DeclRef"},"Type": "UnaryOperator"},"Rhs": {"CharacterLiteral": 0,"Type": "CharacterLiteral"}},"Opcode": "!=","Type": "BinaryOperator"},"Type": "WhileStmt"},{"ReturnValue": {"BinaryOperator": {"Lhs": {"SubExpr": {"BinaryOperator": {"Lhs": {"DeclRef": {"Decl": "VarDecl","Var": {"Init": {"IntegerLiteral": 0,"Type": "IntegerLiteral"},"Name": "result","Type": "int"}},"Type": "DeclRef"},"Rhs": {"DeclRef": {"Decl": "VarDecl","Var": {"Init": {"IntegerLiteral": 1,"Type": "IntegerLiteral"},"Name": "sign","Type": "char"}},"Type": "DeclRef"}},"Opcode": "*","Type": "BinaryOperator"},"Type": "ParenExpr"},"Rhs": {"IntegerLiteral": 10,"Type": "IntegerLiteral"}},"Opcode": "/","Type": "BinaryOperator"},"Type": "ReturnStmt"}],"Type": "CompoundStmt"},"Name": "my_atoi","Parameters": [{"Decl": "ParmVar","ParmVar": {"Name": "pointer","Type": "char *"}}],"ReturnType": "int"},"Id": 2,"Name": "my_atoi","Type": "Function"}
