 {"Decl": "Typedef","Id": 2,"Type": "Typedef","Typedef": {"Identifier": "token","Type": "int"}}
 {"Decl": "Typedef","Id": 3,"Type": "Typedef","Typedef": {"Identifier": "queue","Type": "int"}}
 {"Decl": "Typedef","Id": 4,"Type": "Typedef","Typedef": {"Identifier": "someFunc","Type": "void (*)(void)"}}
 {"Id": 5,"Type": "Record"}
 {"FDType": {"Type": "someFunc"},"Id": 6,"Name": "fptr","Type": "Field"}
 {"Decl": "Typedef","Id": 7,"Type": "Typedef","Typedef": {"Identifier": "reply","Type": "struct _reply"}}
 {"Decl": "VarDecl","Id": 8,"Type": "Var","Var": {"Name": "aQ","Type": "queue"}}
 {"Decl": "VarDecl","Id": 9,"Type": "Var","Var": {"Name": "bQ","Type": "queue"}}
 {"Decl": "VarDecl","Id": 10,"Type": "Var","Var": {"Init": {"ILEType": {"Type": "token [4]"},"Inits": [{"IntegerLiteral": 0,"Type": "IntegerLiteral"},{"IntegerLiteral": 1,"Type": "IntegerLiteral"},{"IntegerLiteral": 2,"Type": "IntegerLiteral"},{"IntegerLiteral": 3,"Type": "IntegerLiteral"}],"Type": "InitListExpr"},"Name": "tokens","Type": "token [4]"}}
 {"Decl": "FunctionDecl","FunctionDecl": {"Body": {"Body": [],"Type": "CompoundStmt"},"Name": "queue_send","Parameters": [{"Decl": "ParmVar","ParmVar": {"Name": "q","Type": "queue"}},{"Decl": "ParmVar","ParmVar": {"Name": "t","Type": "token"}},{"Decl": "ParmVar","ParmVar": {"Name": "r","Type": "reply *"}}],"ReturnType": "void"},"Id": 11,"Name": "queue_send","Type": "Function"}
 {"Decl": "FunctionDecl","FunctionDecl": {"Body": {"Body": [{"Cond": {"BinaryOperator": {"Lhs": {"DeclRef": {"Decl": "ParmVar","ParmVar": {"Name": "r","Type": "reply *"}},"Type": "DeclRef"},"Rhs": {"IntegerLiteral": 0,"Type": "IntegerLiteral"}},"Opcode": "!=","Type": "BinaryOperator"},"ElseStmt": {},"ThenStmt": {"Body": [{"Body": {"Call": {"Args": [],"Callee": {"SubExpr": {"Base": {"DeclRef": {"Decl": "ParmVar","ParmVar": {"Name": "r","Type": "reply *"}},"Type": "DeclRef"},"Member": "fptr","MemberDecl": {"FDType": {"Type": "someFunc"},"Name": "fptr","Type": "FieldDecl"},"MemberExprType": {"Type": "someFunc"},"Type": "MemberExpr"},"Type": "ParenExpr"},"Calltype": "indirect"},"Type": "Call"},"Type": "Expr"}],"Type": "CompoundStmt"},"Type": "IfStmt"}],"Type": "CompoundStmt"},"Name": "send_reply","Parameters": [{"Decl": "ParmVar","ParmVar": {"Name": "r","Type": "reply *"}}],"ReturnType": "void"},"Id": 12,"Name": "send_reply","Type": "Function"}
 {"Decl": "FunctionDecl","FunctionDecl": {"Body": {"Body": [],"Type": "CompoundStmt"},"Name": "queue_receive","Parameters": [{"Decl": "ParmVar","ParmVar": {"Name": "q","Type": "queue"}}],"ReturnType": "void"},"Id": 13,"Name": "queue_receive","Type": "Function"}
 {"Decl": "FunctionDecl","FunctionDecl": {"Body": {"Body": [{"Body": {"Call": {"Args": [{"Arg": {"DeclRef": {"Decl": "VarDecl","Var": {"Name": "aQ","Type": "queue"}},"Type": "DeclRef"},"Type": "queue"}],"Callee": "queue_receive","Calltype": "direct"},"Type": "Call"},"Type": "Expr"}],"Type": "CompoundStmt"},"Name": "A_receive","Parameters": [],"ReturnType": "void"},"Id": 14,"Name": "A_receive","Type": "Function"}
 {"Decl": "FunctionDecl","FunctionDecl": {"Body": {"Body": [{"Body": {"Call": {"Args": [{"Arg": {"DeclRef": {"Decl": "VarDecl","Var": {"Name": "bQ","Type": "queue"}},"Type": "DeclRef"},"Type": "queue"}],"Callee": "queue_receive","Calltype": "direct"},"Type": "Call"},"Type": "Expr"}],"Type": "CompoundStmt"},"Name": "B_receive","Parameters": [],"ReturnType": "void"},"Id": 15,"Name": "B_receive","Type": "Function"}
 {"Decl": "FunctionDecl","FunctionDecl": {"Body": {"Body": [{"Body": {"Call": {"Args": [{"Arg": {"DeclRef": {"Decl": "VarDecl","Var": {"Name": "aQ","Type": "queue"}},"Type": "DeclRef"},"Type": "queue"},{"Arg": {"Lhs": {"DeclRef": {"Decl": "VarDecl","Var": {"Init": {"ILEType": {"Type": "token [4]"},"Inits": [{"IntegerLiteral": 0,"Type": "IntegerLiteral"},{"IntegerLiteral": 1,"Type": "IntegerLiteral"},{"IntegerLiteral": 2,"Type": "IntegerLiteral"},{"IntegerLiteral": 3,"Type": "IntegerLiteral"}],"Type": "InitListExpr"},"Name": "tokens","Type": "token [4]"}},"Type": "DeclRef"},"Rhs": {"IntegerLiteral": 3,"Type": "IntegerLiteral"},"Type": "ArraySubscriptExpr"},"Type": "token"},{"Arg": {"IntegerLiteral": 0,"Type": "IntegerLiteral"},"Type": "reply *"}],"Callee": "queue_send","Calltype": "direct"},"Type": "Call"},"Type": "Expr"}],"Type": "CompoundStmt"},"Name": "fun1","Parameters": [],"ReturnType": "void"},"Id": 16,"Name": "fun1","Type": "Function"}
 {"Decl": "FunctionDecl","FunctionDecl": {"Body": {"Body": [{"Body": {"Call": {"Args": [{"Arg": {"DeclRef": {"Decl": "VarDecl","Var": {"Name": "aQ","Type": "queue"}},"Type": "DeclRef"},"Type": "queue"},{"Arg": {"Lhs": {"DeclRef": {"Decl": "VarDecl","Var": {"Init": {"ILEType": {"Type": "token [4]"},"Inits": [{"IntegerLiteral": 0,"Type": "IntegerLiteral"},{"IntegerLiteral": 1,"Type": "IntegerLiteral"},{"IntegerLiteral": 2,"Type": "IntegerLiteral"},{"IntegerLiteral": 3,"Type": "IntegerLiteral"}],"Type": "InitListExpr"},"Name": "tokens","Type": "token [4]"}},"Type": "DeclRef"},"Rhs": {"IntegerLiteral": 0,"Type": "IntegerLiteral"},"Type": "ArraySubscriptExpr"},"Type": "token"},{"Arg": {"IntegerLiteral": 0,"Type": "IntegerLiteral"},"Type": "reply *"}],"Callee": "queue_send","Calltype": "direct"},"Type": "Call"},"Type": "Expr"}],"Type": "CompoundStmt"},"Name": "fun2","Parameters": [],"ReturnType": "void"},"Id": 17,"Name": "fun2","Type": "Function"}
 {"Decl": "FunctionDecl","FunctionDecl": {"Body": {"Body": [{"Body": [{"Decl": "VarDecl","Var": {"Name": "r","Type": "reply"}}],"Type": "DeclStmt"},{"Body": {"BinaryOperator": {"Lhs": {"Base": {"DeclRef": {"Decl": "VarDecl","Var": {"Name": "r","Type": "reply"}},"Type": "DeclRef"},"Member": "fptr","MemberDecl": {"FDType": {"Type": "someFunc"},"Name": "fptr","Type": "FieldDecl"},"MemberExprType": {"Type": "someFunc"},"Type": "MemberExpr"},"Rhs": {"DeclRef": {"Decl": "ParmVar","ParmVar": {"Name": "f","Type": "someFunc"}},"Type": "DeclRef"}},"Opcode": "=","Type": "BinaryOperator"},"Type": "Expr"},{"ReturnValue": {"DeclRef": {"Decl": "VarDecl","Var": {"Name": "r","Type": "reply"}},"Type": "DeclRef"},"Type": "ReturnStmt"}],"Type": "CompoundStmt"},"Name": "make_reply","Parameters": [{"Decl": "ParmVar","ParmVar": {"Name": "f","Type": "someFunc"}}],"ReturnType": "reply"},"Id": 18,"Name": "make_reply","Type": "Function"}
 {"Decl": "FunctionDecl","FunctionDecl": {"Body": {"Body": [{"Body": [{"Decl": "VarDecl","Var": {"Name": "r","Type": "reply"}}],"Type": "DeclStmt"},{"Body": {"BinaryOperator": {"Lhs": {"DeclRef": {"Decl": "VarDecl","Var": {"Name": "r","Type": "reply"}},"Type": "DeclRef"},"Rhs": {"Call": {"Args": [{"Arg": {"DeclRef": {"Name": "fun1"},"Type": "DeclRef"},"Type": "void (*)(void)"}],"Callee": "make_reply","Calltype": "direct"},"Type": "Call"}},"Opcode": "=","Type": "BinaryOperator"},"Type": "Expr"},{"Body": {"Call": {"Args": [{"Arg": {"DeclRef": {"Decl": "VarDecl","Var": {"Name": "bQ","Type": "queue"}},"Type": "DeclRef"},"Type": "queue"},{"Arg": {"Lhs": {"DeclRef": {"Decl": "VarDecl","Var": {"Init": {"ILEType": {"Type": "token [4]"},"Inits": [{"IntegerLiteral": 0,"Type": "IntegerLiteral"},{"IntegerLiteral": 1,"Type": "IntegerLiteral"},{"IntegerLiteral": 2,"Type": "IntegerLiteral"},{"IntegerLiteral": 3,"Type": "IntegerLiteral"}],"Type": "InitListExpr"},"Name": "tokens","Type": "token [4]"}},"Type": "DeclRef"},"Rhs": {"IntegerLiteral": 1,"Type": "IntegerLiteral"},"Type": "ArraySubscriptExpr"},"Type": "token"},{"Arg": {"OpCode": "&","SubExpr": {"DeclRef": {"Decl": "VarDecl","Var": {"Name": "r","Type": "reply"}},"Type": "DeclRef"},"Type": "UnaryOperator"},"Type": "reply *"}],"Callee": "queue_send","Calltype": "direct"},"Type": "Call"},"Type": "Expr"},{"Body": {"Call": {"Args": [{"Arg": {"DeclRef": {"Decl": "VarDecl","Var": {"Name": "bQ","Type": "queue"}},"Type": "DeclRef"},"Type": "queue"},{"Arg": {"IntegerLiteral": 42,"Type": "IntegerLiteral"},"Type": "int"},{"Arg": {"IntegerLiteral": 0,"Type": "IntegerLiteral"},"Type": "reply *"}],"Callee": "queue_send","Calltype": "direct"},"Type": "Call"},"Type": "Expr"}],"Type": "CompoundStmt"},"Name": "A","Parameters": [],"ReturnType": "void"},"Id": 19,"Name": "A","Type": "Function"}
